timestamp,acc_x,acc_y,acc_z,gyro_x,gyro_y,gyro_z,mag_x,mag_y,mag_z,baro_pressure,tiltXY,tiltYZ,tiltXZ,roll,pitch,yaw,totalTiltFromVertical,angularSpeed,heading,altitude
1743964467041,1743964466672,9.403793334960938,2.5974090099334717,-1.1264212131500244,1743964466711,0.003970621153712273,-0.05024362727999687,0.07131846249103546,1743964466755,-41.118751525878906,-13.331250190734863,-21.9375,995.4912109375,113.44498374625455,74.5593872816131,96.83055627112873,15.440612718386895,6.586226534688539,-148.71327144314628,16.755141170895783,0.08732989755337392,211.28672855685372,0.38169134163605345
1743964467072,1743964466672,9.403793334960938,2.5974090099334717,-1.1264212131500244,1743964466815,-0.034208428114652634,0.05742128938436508,-0.07391463965177536,1743964466755,-41.118751525878906,-13.331250190734863,-21.9375,995.4912109375,113.44498374625455,74.5593872816131,96.83055627112873,15.440612718386895,6.586226534688539,-148.71327144314628,16.755141170895783,0.09965337417012109,211.28672855685372,0.38169134163605345
1743964467080,1743964466803,8.95513916015625,2.678765058517456,-0.9631111025810242,1743964466815,-0.034208428114652634,0.05742128938436508,-0.07391463965177536,1743964466755,-41.118751525878906,-13.331250190734863,-21.9375,995.4912109375,109.77531180462663,73.34641433308757,96.13847611545438,16.653585666912434,5.882842369618726,-148.71327144314628,17.63431168580029,0.09965337417012109,211.28672855685372,0.38169134163605345
1743964467159,1743964466803,8.95513916015625,2.678765058517456,-0.9631111025810242,1743964466919,-0.06307178735733032,0.002290742937475443,0.04016435891389847,1743964466755,-41.118751525878906,-13.331250190734863,-21.9375,995.4912109375,109.77531180462663,73.34641433308757,96.13847611545438,16.653585666912434,5.882842369618726,-148.71327144314628,17.63431168580029,0.07480958221122708,211.28672855685372,0.38169134163605345
1743964467184,1743964466803,8.95513916015625,2.678765058517456,-0.9631111025810242,1743964466919,-0.06307178735733032,0.002290742937475443,0.04016435891389847,1743964466755,-41.118751525878906,-13.331250190734863,-21.9375,995.4937133789062,109.77531180462663,73.34641433308757,96.13847611545438,16.653585666912434,5.882842369618726,-148.71327144314628,17.63431168580029,0.07480958221122708,211.28672855685372,0.36048590023423865
1743964467200,1743964466933,9.153144836425781,2.5567309856414795,-1.3507484197616577,1743964466919,-0.06307178735733032,0.002290742937475443,0.04016435891389847,1743964466755,-41.118751525878906,-13.331250190734863,-21.9375,995.4937133789062,117.84797448931697,74.39345556173242,98.39466767418028,15.60654443826759,8.089344950684483,-148.71327144314628,17.532061802829617,0.07480958221122708,211.28672855685372,0.36048590023423865
1743964467221,1743964466933,9.153144836425781,2.5567309856414795,-1.3507484197616577,1743964466919,-0.06307178735733032,0.002290742937475443,0.04016435891389847,1743964466955,-39.9375,-13.106250762939453,-22.40625,995.4937133789062,117.84797448931697,74.39345556173242,98.39466767418028,15.60654443826759,8.089344950684483,-149.67504361131034,17.532061802829617,0.07480958221122708,210.32495638868966,0.36048590023423865
1743964467269,1743964466933,9.153144836425781,2.5567309856414795,-1.3507484197616577,1743964467022,-0.0792597085237503,0.02626718580722809,-0.5134318470954895,1743964466955,-39.9375,-13.106250762939453,-22.40625,995.4937133789062,117.84797448931697,74.39345556173242,98.39466767418028,15.60654443826759,8.089344950684483,-149.67504361131034,17.532061802829617,0.520177208321729,210.32495638868966,0.36048590023423865
1743964467296,1743964466933,9.153144836425781,2.5567309856414795,-1.3507484197616577,1743964467022,-0.0792597085237503,0.02626718580722809,-0.5134318470954895,1743964467054,-41.962501525878906,-10.6875,-21.09375,995.4937133789062,117.84797448931697,74.39345556173242,98.39466767418028,15.60654443826759,8.089344950684483,-153.13018691250096,17.532061802829617,0.520177208321729,206.86981308749904,0.36048590023423865
1743964467321,1743964467063,9.861420631408691,2.662015199661255,-3.339184045791626,1743964467022,-0.0792597085237503,0.02626718580722809,-0.5134318470954895,1743964467054,-41.962501525878906,-10.6875,-21.09375,995.4937133789062,141.4379620400824,74.89350283059466,108.70665820893998,15.106497169405351,18.10306053887454,-153.13018691250096,23.41468347275275,0.520177208321729,206.86981308749904,0.36048590023423865
1743964467346,1743964467063,9.861420631408691,2.662015199661255,-3.339184045791626,1743964467022,-0.0792597085237503,0.02626718580722809,-0.5134318470954895,1743964467054,-41.962501525878906,-10.6875,-21.09375,995.4912109375,141.4379620400824,74.89350283059466,108.70665820893998,15.106497169405351,18.10306053887454,-153.13018691250096,23.41468347275275,0.520177208321729,206.86981308749904,0.38169134163605345
1743964467378,1743964467063,9.861420631408691,2.662015199661255,-3.339184045791626,1743964467127,0.34605491161346436,0.21731515228748322,-0.6241511106491089,1743964467054,-41.962501525878906,-10.6875,-21.09375,995.4912109375,141.4379620400824,74.89350283059466,108.70665820893998,15.106497169405351,18.10306053887454,-153.13018691250096,23.41468347275275,0.7460190923763619,206.86981308749904,0.38169134163605345
1743964467399,1743964467063,9.861420631408691,2.662015199661255,-3.339184045791626,1743964467127,0.34605491161346436,0.21731515228748322,-0.6241511106491089,1743964467155,-40.368751525878906,-6.712500095367432,-20.887500762939453,995.4912109375,141.4379620400824,74.89350283059466,108.70665820893998,15.106497169405351,18.10306053887454,-162.18444125277807,23.41468347275275,0.7460190923763619,197.81555874722193,0.38169134163605345
1743964467430,1743964467193,12.755538940429688,2.462812662124634,-3.1411778926849365,1743964467127,0.34605491161346436,0.21731515228748322,-0.6241511106491089,1743964467155,-40.368751525878906,-6.712500095367432,-20.887500762939453,995.4912109375,141.9020944851396,79.0719232339578,103.83438075153687,10.928076766042208,13.592895877550484,-162.18444125277807,17.376286575952548,0.7460190923763619,197.81555874722193,0.38169134163605345
1743964467516,1743964467193,12.755538940429688,2.462812662124634,-3.1411778926849365,1743964467127,0.34605491161346436,0.21731515228748322,-0.6241511106491089,1743964467255,-41.625,-4.481250286102295,-19.3125,995.4912109375,141.9020944851396,79.0719232339578,103.83438075153687,10.928076766042208,13.592895877550484,-166.9363366962466,17.376286575952548,0.7460190923763619,193.0636633037534,0.38169134163605345
1743964467523,1743964467193,12.755538940429688,2.462812662124634,-3.1411778926849365,1743964467127,0.34605491161346436,0.21731515228748322,-0.6241511106491089,1743964467255,-41.625,-4.481250286102295,-19.3125,995.4937133789062,141.9020944851396,79.0719232339578,103.83438075153687,10.928076766042208,13.592895877550484,-166.9363366962466,17.376286575952548,0.7460190923763619,193.0636633037534,0.36048590023423865
1743964467524,1743964467258,10.978270530700684,2.4011974334716797,-1.770688772201538,1743964467127,0.34605491161346436,0.21731515228748322,-0.6241511106491089,1743964467255,-41.625,-4.481250286102295,-19.3125,995.4937133789062,126.40577097109671,77.66240317535888,99.16234692835774,12.337596824641123,8.954215812026664,-166.9363366962466,15.203591696089143,0.7460190923763619,193.0636633037534,0.36048590023423865
1743964467573,1743964467258,10.978270530700684,2.4011974334716797,-1.770688772201538,1743964467334,0.7866411209106445,0.15821397304534912,0.3955349326133728,1743964467255,-41.625,-4.481250286102295,-19.3125,995.4937133789062,126.40577097109671,77.66240317535888,99.16234692835774,12.337596824641123,8.954215812026664,-166.9363366962466,15.203591696089143,0.8945858244415765,193.0636633037534,0.36048590023423865
1743964467600,1743964467258,10.978270530700684,2.4011974334716797,-1.770688772201538,1743964467334,0.7866411209106445,0.15821397304534912,0.3955349326133728,1743964467354,-42.01875305175781,-5.775000095367432,-19.443750381469727,995.4937133789062,126.40577097109671,77.66240317535888,99.16234692835774,12.337596824641123,8.954215812026664,-163.45802203595443,15.203591696089143,0.8945858244415765,196.54197796404557,0.36048590023423865
1743964467692,1743964467410,11.863615036010742,1.195214867591858,0.8548358678817749,1743964467334,0.7866411209106445,0.15821397304534912,0.3955349326133728,1743964467354,-42.01875305175781,-5.775000095367432,-19.443750381469727,995.4937133789062,54.42707299325314,84.247075683355,85.87866046322114,5.7529243166449895,-4.100653001481903,-163.45802203595443,7.06080215323614,0.8945858244415765,196.54197796404557,0.36048590023423865
1743964467693,1743964467410,11.863615036010742,1.195214867591858,0.8548358678817749,1743964467334,0.7866411209106445,0.15821397304534912,0.3955349326133728,1743964467354,-42.01875305175781,-5.775000095367432,-19.443750381469727,995.4937133789062,54.42707299325314,84.247075683355,85.87866046322114,5.7529243166449895,-4.100653001481903,-163.45802203595443,7.06080215323614,0.8945858244415765,196.54197796404557,0.36048590023423865
1743964467701,1743964467410,11.863615036010742,1.195214867591858,0.8548358678817749,1743964467439,0.42195484042167664,-0.3627009689807892,0.671187698841095,1743964467354,-42.01875305175781,-5.775000095367432,-19.443750381469727,995.4937133789062,54.42707299325314,84.247075683355,85.87866046322114,5.7529243166449895,-4.100653001481903,-163.45802203595443,7.06080215323614,0.8718318687284208,196.54197796404557,0.36048590023423865
1743964467781,1743964467540,8.880363464355469,2.324028968811035,1.088136076927185,1743964467439,0.42195484042167664,-0.3627009689807892,0.671187698841095,1743964467354,-42.01875305175781,-5.775000095367432,-19.443750381469727,995.4937133789062,64.91048647472715,75.33435776346079,83.01420927165265,14.665642236539213,-6.760333318666408,-163.45802203595443,16.11768504325988,0.8718318687284208,196.54197796404557,0.36048590023423865
1743964467791,1743964467540,8.880363464355469,2.324028968811035,1.088136076927185,1743964467542,-0.16768237948417664,-0.5798633694648743,0.7162389755249023,1743964467354,-42.01875305175781,-5.775000095367432,-19.443750381469727,995.4937133789062,64.91048647472715,75.33435776346079,83.01420927165265,14.665642236539213,-6.760333318666408,-163.45802203595443,16.11768504325988,0.9366734637522269,196.54197796404557,0.36048590023423865
1743964467798,1743964467540,8.880363464355469,2.324028968811035,1.088136076927185,1743964467542,-0.16768237948417664,-0.5798633694648743,0.7162389755249023,1743964467555,-39.5625,-14.49375057220459,-23.231250762939453,995.4937133789062,64.91048647472715,75.33435776346079,83.01420927165265,14.665642236539213,-6.760333318666408,-148.04036340492914,16.11768504325988,0.9366734637522269,211.95963659507086,0.36048590023423865
1743964467827,1743964467540,8.880363464355469,2.324028968811035,1.088136076927185,1743964467542,-0.16768237948417664,-0.5798633694648743,0.7162389755249023,1743964467555,-39.5625,-14.49375057220459,-23.231250762939453,995.4887084960938,64.91048647472715,75.33435776346079,83.01420927165265,14.665642236539213,-6.760333318666408,-148.04036340492914,16.11768504325988,0.9366734637522269,211.95963659507086,0.40289682619554235
1743964467889,1743964467669,6.465406894683838,2.3533411026000977,1.2023934125900269,1743964467542,-0.16768237948417664,-0.5798633694648743,0.7162389755249023,1743964467555,-39.5625,-14.49375057220459,-23.231250762939453,995.4887084960938,62.93613166488526,69.99901840231398,79.46486765246205,20.00098159768602,-9.912719099841015,-148.04036340492914,22.23216804415031,0.9366734637522269,211.95963659507086,0.40289682619554235
1743964467896,1743964467669,6.465406894683838,2.3533411026000977,1.2023934125900269,1743964467647,-0.6354520916938782,-0.7092140316963196,0.2548833191394806,1743964467555,-39.5625,-14.49375057220459,-23.231250762939453,995.4887084960938,62.93613166488526,69.99901840231398,79.46486765246205,20.00098159768602,-9.912719099841015,-148.04036340492914,22.23216804415031,0.9857735084534538,211.95963659507086,0.40289682619554235
1743964467911,1743964467669,6.465406894683838,2.3533411026000977,1.2023934125900269,1743964467647,-0.6354520916938782,-0.7092140316963196,0.2548833191394806,1743964467655,-38.08125305175781,-17.850000381469727,-26.100000381469727,995.4887084960938,62.93613166488526,69.99901840231398,79.46486765246205,20.00098159768602,-9.912719099841015,-145.63146135558583,22.23216804415031,0.9857735084534538,214.36853864441417,0.40289682619554235
1743964467997,1743964467669,6.465406894683838,2.3533411026000977,1.2023934125900269,1743964467647,-0.6354520916938782,-0.7092140316963196,0.2548833191394806,1743964467655,-38.08125305175781,-17.850000381469727,-26.100000381469727,995.4774780273438,62.93613166488526,69.99901840231398,79.46486765246205,20.00098159768602,-9.912719099841015,-145.63146135558583,22.23216804415031,0.9857735084534538,214.36853864441417,0.49806343476533677
1743964468004,1743964467669,6.465406894683838,2.3533411026000977,1.2023934125900269,1743964467751,-1.0132719278335571,-0.5500837564468384,-0.2955058515071869,1743964467655,-38.08125305175781,-17.850000381469727,-26.100000381469727,995.4774780273438,62.93613166488526,69.99901840231398,79.46486765246205,20.00098159768602,-9.912719099841015,-145.63146135558583,22.23216804415031,1.190225124552992,214.36853864441417,0.49806343476533677
1743964468004,1743964467735,6.370890140533447,3.139383316040039,0.06340979784727097,1743964467751,-1.0132719278335571,-0.5500837564468384,-0.2955058515071869,1743964467655,-38.08125305175781,-17.850000381469727,-26.100000381469727,995.4774780273438,88.84288744340934,63.767306650082006,89.4297509839155,26.232693349917998,-0.511520258433403,-145.63146135558583,26.237326648638174,1.190225124552992,214.36853864441417,0.49806343476533677
1743964468095,1743964467735,6.370890140533447,3.139383316040039,0.06340979784727097,1743964467855,-0.8009964227676392,-0.10369429737329483,-0.6606502532958984,1743964467655,-38.08125305175781,-17.850000381469727,-26.100000381469727,995.4774780273438,88.84288744340934,63.767306650082006,89.4297509839155,26.232693349917998,-0.511520258433403,-145.63146135558583,26.237326648638174,1.043458927689169,214.36853864441417,0.49806343476533677
1743964468115,1743964467735,6.370890140533447,3.139383316040039,0.06340979784727097,1743964467855,-0.8009964227676392,-0.10369429737329483,-0.6606502532958984,1743964467854,-37.35000228881836,-18.356250762939453,-28.725000381469727,995.4774780273438,88.84288744340934,63.767306650082006,89.4297509839155,26.232693349917998,-0.511520258433403,-147.4200405962695,26.237326648638174,1.043458927689169,212.5799594037305,0.49806343476533677
1743964468122,1743964467864,9.06401252746582,2.434697151184082,-1.347757339477539,1743964467855,-0.8009964227676392,-0.10369429737329483,-0.6606502532958984,1743964467854,-37.35000228881836,-18.356250762939453,-28.725000381469727,995.4774780273438,118.9672744327998,74.96460544362539,98.45752701046987,15.03539455637461,8.171968430244373,-147.4200405962695,17.067574789843377,1.043458927689169,212.5799594037305,0.49806343476533677
1743964468146,1743964467864,9.06401252746582,2.434697151184082,-1.347757339477539,1743964467855,-0.8009964227676392,-0.10369429737329483,-0.6606502532958984,1743964467854,-37.35000228881836,-18.356250762939453,-28.725000381469727,995.4724731445312,118.9672744327998,74.96460544362539,98.45752701046987,15.03539455637461,8.171968430244373,-147.4200405962695,17.067574789843377,1.043458927689169,212.5799594037305,0.54047492079208
1743964468210,1743964467864,9.06401252746582,2.434697151184082,-1.347757339477539,1743964467959,-0.4760163724422455,0.16844595968723297,-0.5754346251487732,1743964467854,-37.35000228881836,-18.356250762939453,-28.725000381469727,995.4724731445312,118.9672744327998,74.96460544362539,98.45752701046987,15.03539455637461,8.171968430244373,-147.4200405962695,17.067574789843377,0.7655655660935493,212.5799594037305,0.54047492079208
1743964468257,1743964468016,9.548559188842773,2.2396819591522217,-2.4293131828308105,1743964467959,-0.4760163724422455,0.16844595968723297,-0.5754346251487732,1743964467854,-37.35000228881836,-18.356250762939453,-28.725000381469727,995.4724731445312,137.3257896179155,76.79950165271845,104.27416882091104,13.200498347281552,13.911837764458323,-147.4200405962695,19.0877558348521,0.7655655660935493,212.5799594037305,0.54047492079208
1743964468295,1743964468016,9.548559188842773,2.2396819591522217,-2.4293131828308105,1743964467959,-0.4760163724422455,0.16844595968723297,-0.5754346251487732,1743964468054,-39.35625076293945,-12.506250381469727,-25.406251907348633,995.4724731445312,137.3257896179155,76.79950165271845,104.27416882091104,13.200498347281552,13.911837764458323,-153.7912411764444,19.0877558348521,0.7655655660935493,206.2087588235556,0.54047492079208
1743964468309,1743964468016,9.548559188842773,2.2396819591522217,-2.4293131828308105,1743964468063,0.0539088174700737,0.14660754799842834,-0.7596103549003601,1743964468054,-39.35625076293945,-12.506250381469727,-25.406251907348633,995.4724731445312,137.3257896179155,76.79950165271845,104.27416882091104,13.200498347281552,13.911837764458323,-153.7912411764444,19.0877558348521,0.7755048839323865,206.2087588235556,0.54047492079208
1743964468330,1743964468016,9.548559188842773,2.2396819591522217,-2.4293131828308105,1743964468063,0.0539088174700737,0.14660754799842834,-0.7596103549003601,1743964468054,-39.35625076293945,-12.506250381469727,-25.406251907348633,995.4786987304688,137.3257896179155,76.79950165271845,104.27416882091104,13.200498347281552,13.911837764458323,-153.7912411764444,19.0877558348521,0.7755048839323865,206.2087588235556,0.48771919607422
1743964468367,1743964468125,10.883753776550293,2.0656042098999023,-2.0003998279571533,1743964468063,0.0539088174700737,0.14660754799842834,-0.7596103549003601,1743964468054,-39.35625076293945,-12.506250381469727,-25.406251907348633,995.4786987304688,134.08125627752457,79.25376524813366,100.41455050187392,10.746234751866346,10.235801551007082,-153.7912411764444,14.799295871011092,0.7755048839323865,206.2087588235556,0.48771919607422
1743964468418,1743964468125,10.883753776550293,2.0656042098999023,-2.0003998279571533,1743964468167,0.4205803871154785,0.21914774179458618,-0.39446592330932617,1743964468054,-39.35625076293945,-12.506250381469727,-25.406251907348633,995.4786987304688,134.08125627752457,79.25376524813366,100.41455050187392,10.746234751866346,10.235801551007082,-153.7912411764444,14.799295871011092,0.6168605672371607,206.2087588235556,0.48771919607422
1743964468477,1743964468125,10.883753776550293,2.0656042098999023,-2.0003998279571533,1743964468167,0.4205803871154785,0.21914774179458618,-0.39446592330932617,1743964468054,-39.35625076293945,-12.506250381469727,-25.406251907348633,995.4849853515625,134.08125627752457,79.25376524813366,100.41455050187392,10.746234751866346,10.235801551007082,-153.7912411764444,14.799295871011092,0.6168605672371607,206.2087588235556,0.4344465294496114
1743964468514,1743964468125,10.883753776550293,2.0656042098999023,-2.0003998279571533,1743964468167,0.4205803871154785,0.21914774179458618,-0.39446592330932617,1743964468255,-39.1875,-5.362500190734863,-22.5,995.4849853515625,134.08125627752457,79.25376524813366,100.41455050187392,10.746234751866346,10.235801551007082,-166.59459248619248,14.799295871011092,0.6168605672371607,193.40540751380752,0.4344465294496114
1743964468524,1743964468125,10.883753776550293,2.0656042098999023,-2.0003998279571533,1743964468271,0.5390881896018982,0.2965748608112335,-0.12996147572994232,1743964468255,-39.1875,-5.362500190734863,-22.5,995.4849853515625,134.08125627752457,79.25376524813366,100.41455050187392,10.746234751866346,10.235801551007082,-166.59459248619248,14.799295871011092,0.6288582585983578,193.40540751380752,0.4344465294496114
1743964468541,1743964468276,10.415358543395996,1.4919248819351196,-2.15653133392334,1743964468271,0.5390881896018982,0.2965748608112335,-0.12996147572994232,1743964468255,-39.1875,-5.362500190734863,-22.5,995.4849853515625,145.32385910339318,81.84824550727525,101.69796531319834,8.151754492724741,11.58297859869384,-166.59459248619248,14.131791752740666,0.6288582585983578,193.40540751380752,0.4344465294496114
1743964468593,1743964468276,10.415358543395996,1.4919248819351196,-2.15653133392334,1743964468271,0.5390881896018982,0.2965748608112335,-0.12996147572994232,1743964468355,-40.181251525878906,-4.462500095367432,-21.993751525878906,995.4849853515625,145.32385910339318,81.84824550727525,101.69796531319834,8.151754492724741,11.58297859869384,-168.5304702031584,14.131791752740666,0.6288582585983578,191.4695297968416,0.4344465294496114
1743964468627,1743964468276,10.415358543395996,1.4919248819351196,-2.15653133392334,1743964468375,0.7877101302146912,0.28008151054382324,0.03222311660647392,1743964468355,-40.181251525878906,-4.462500095367432,-21.993751525878906,995.4849853515625,145.32385910339318,81.84824550727525,101.69796531319834,8.151754492724741,11.58297859869384,-168.5304702031584,14.131791752740666,0.8366428336125218,191.4695297968416,0.4344465294496114
1743964468637,1743964468276,10.415358543395996,1.4919248819351196,-2.15653133392334,1743964468375,0.7877101302146912,0.28008151054382324,0.03222311660647392,1743964468355,-40.181251525878906,-4.462500095367432,-21.993751525878906,995.4862060546875,145.32385910339318,81.84824550727525,101.69796531319834,8.151754492724741,11.58297859869384,-168.5304702031584,14.131791752740666,0.8366428336125218,191.4695297968416,0.4241023539225486
1743964468663,1743964468407,10.27777099609375,1.5487544536590576,-2.1200408935546875,1743964468375,0.7877101302146912,0.28008151054382324,0.03222311660647392,1743964468355,-40.181251525878906,-4.462500095367432,-21.993751525878906,995.4862060546875,143.85073358334546,81.43058974200721,101.65518073984902,8.569410257992786,11.528565640268074,-168.5304702031584,14.329948891885486,0.8366428336125218,191.4695297968416,0.4241023539225486
1743964468698,1743964468407,10.27777099609375,1.5487544536590576,-2.1200408935546875,1743964468375,0.7877101302146912,0.28008151054382324,0.03222311660647392,1743964468455,-42.91875076293945,-2.625,-20.756250381469727,995.4862060546875,143.85073358334546,81.43058974200721,101.65518073984902,8.569410257992786,11.528565640268074,-172.7921864705701,14.329948891885486,0.8366428336125218,187.2078135294299,0.4241023539225486
1743964468723,1743964468407,10.27777099609375,1.5487544536590576,-2.1200408935546875,1743964468479,0.8494074940681458,0.21746785938739777,0.2009745091199875,1743964468455,-42.91875076293945,-2.625,-20.756250381469727,995.4862060546875,143.85073358334546,81.43058974200721,101.65518073984902,8.569410257992786,11.528565640268074,-172.7921864705701,14.329948891885486,0.8995421691959105,187.2078135294299,0.4241023539225486
1743964468787,1743964468407,10.27777099609375,1.5487544536590576,-2.1200408935546875,1743964468479,0.8494074940681458,0.21746785938739777,0.2009745091199875,1743964468455,-42.91875076293945,-2.625,-20.756250381469727,995.4862060546875,143.85073358334546,81.43058974200721,101.65518073984902,8.569410257992786,11.528565640268074,-172.7921864705701,14.329948891885486,0.8995421691959105,187.2078135294299,0.4241023539225486
1743964468793,1743964468536,11.815757751464844,2.341377019882202,-1.786242127418518,1743964468479,0.8494074940681458,0.21746785938739777,0.2009745091199875,1743964468455,-42.91875076293945,-2.625,-20.756250381469727,995.4862060546875,127.34009665591093,78.79162923384577,98.59657140568196,11.208370766154228,8.434988243934928,-172.7921864705701,13.99519161697814,0.8995421691959105,187.2078135294299,0.4241023539225486
1743964468800,1743964468536,11.815757751464844,2.341377019882202,-1.786242127418518,1743964468479,0.8494074940681458,0.21746785938739777,0.2009745091199875,1743964468555,-42.75,-3.3375000953674316,-20.73750114440918,995.4862060546875,127.34009665591093,78.79162923384577,98.59657140568196,11.208370766154228,8.434988243934928,-170.85719917162035,13.99519161697814,0.8995421691959105,189.14280082837965,0.4241023539225486
1743964468833,1743964468536,11.815757751464844,2.341377019882202,-1.786242127418518,1743964468582,0.9851721525192261,-0.1818849891424179,0.45799586176872253,1743964468555,-42.75,-3.3375000953674316,-20.73750114440918,995.4862060546875,127.34009665591093,78.79162923384577,98.59657140568196,11.208370766154228,8.434988243934928,-170.85719917162035,13.99519161697814,1.1015473338772046,189.14280082837965,0.4241023539225486
1743964468906,1743964468536,11.815757751464844,2.341377019882202,-1.786242127418518,1743964468582,0.9851721525192261,-0.1818849891424179,0.45799586176872253,1743964468655,-42.03750228881836,-6.881250381469727,-21.58125114440918,995.4862060546875,127.34009665591093,78.79162923384577,98.59657140568196,11.208370766154228,8.434988243934928,-162.31495307221,13.99519161697814,1.1015473338772046,197.68504692779,0.4241023539225486
1743964468927,1743964468666,10.344770431518555,1.1132607460021973,1.563111424446106,1743964468582,0.9851721525192261,-0.1818849891424179,0.45799586176872253,1743964468655,-42.03750228881836,-6.881250381469727,-21.58125114440918,995.4862060546875,35.4587806199584,83.85770768626547,81.40751591221832,6.1422923137345204,-8.543886711814583,-162.31495307221,10.50930454742888,1.1015473338772046,197.68504692779,0.4241023539225486
1743964468951,1743964468666,10.344770431518555,1.1132607460021973,1.563111424446106,1743964468687,0.6734784245491028,-0.44929105043411255,0.8338304162025452,1743964468655,-42.03750228881836,-6.881250381469727,-21.58125114440918,995.4862060546875,35.4587806199584,83.85770768626547,81.40751591221832,6.1422923137345204,-8.543886711814583,-162.31495307221,10.50930454742888,1.1621999824977798,197.68504692779,0.4241023539225486
1743964468959,1743964468666,10.344770431518555,1.1132607460021973,1.563111424446106,1743964468687,0.6734784245491028,-0.44929105043411255,0.8338304162025452,1743964468655,-42.03750228881836,-6.881250381469727,-21.58125114440918,995.4862060546875,35.4587806199584,83.85770768626547,81.40751591221832,6.1422923137345204,-8.543886711814583,-162.31495307221,10.50930454742888,1.1621999824977798,197.68504692779,0.4241023539225486
1743964469035,1743964468666,10.344770431518555,1.1132607460021973,1.563111424446106,1743964468791,0.0360410213470459,-0.34376415610313416,0.9960150122642517,1743964468655,-42.03750228881836,-6.881250381469727,-21.58125114440918,995.4862060546875,35.4587806199584,83.85770768626547,81.40751591221832,6.1422923137345204,-8.543886711814583,-162.31495307221,10.50930454742888,1.0542858506575887,197.68504692779,0.4241023539225486
1743964469079,1743964468818,7.741379261016846,1.9106688499450684,2.7050859928131104,1743964468791,0.0360410213470459,-0.34376415610313416,0.9960150122642517,1743964468655,-42.03750228881836,-6.881250381469727,-21.58125114440918,995.4862060546875,35.234502506859485,76.13577459088859,70.73894900329535,13.864225409111413,-18.739597510566767,-162.31495307221,23.161595911197097,1.0542858506575887,197.68504692779,0.4241023539225486
1743964469100,1743964468818,7.741379261016846,1.9106688499450684,2.7050859928131104,1743964468791,0.0360410213470459,-0.34376415610313416,0.9960150122642517,1743964468855,-37.16250228881836,-16.087501525878906,-25.687501907348633,995.4862060546875,35.234502506859485,76.13577459088859,70.73894900329535,13.864225409111413,-18.739597510566767,-147.94201687169203,23.161595911197097,1.0542858506575887,212.05798312830797,0.4241023539225486
1743964469119,1743964468818,7.741379261016846,1.9106688499450684,2.7050859928131104,1743964468791,0.0360410213470459,-0.34376415610313416,0.9960150122642517,1743964468855,-37.16250228881836,-16.087501525878906,-25.687501907348633,995.4786987304688,35.234502506859485,76.13577459088859,70.73894900329535,13.864225409111413,-18.739597510566767,-147.94201687169203,23.161595911197097,1.0542858506575887,212.05798312830797,0.48771919607422
1743964469140,1743964468818,7.741379261016846,1.9106688499450684,2.7050859928131104,1743964468895,-0.7841976881027222,-0.8425352573394775,0.22067490220069885,1743964468855,-37.16250228881836,-16.087501525878906,-25.687501907348633,995.4786987304688,35.234502506859485,76.13577459088859,70.73894900329535,13.864225409111413,-18.739597510566767,-147.94201687169203,23.161595911197097,1.1719765724395015,212.05798312830797,0.48771919607422
1743964469159,1743964468926,5.9886369705200195,3.1214370727539062,1.6402798891067505,1743964468895,-0.7841976881027222,-0.8425352573394775,0.22067490220069885,1743964468855,-37.16250228881836,-16.087501525878906,-25.687501907348633,995.4786987304688,62.27858152499505,62.470274378552645,74.68242860143869,27.52972562144736,-13.651951620592701,-147.94201687169203,30.490019623736682,1.1719765724395015,212.05798312830797,0.48771919607422
1743964469195,1743964468926,5.9886369705200195,3.1214370727539062,1.6402798891067505,1743964468895,-0.7841976881027222,-0.8425352573394775,0.22067490220069885,1743964468955,-36.01875305175781,-19.462501525878906,-29.36250114440918,995.4786987304688,62.27858152499505,62.470274378552645,74.68242860143869,27.52972562144736,-13.651951620592701,-146.46217849663563,30.490019623736682,1.1719765724395015,213.53782150336437,0.48771919607422
1743964469239,1743964468926,5.9886369705200195,3.1214370727539062,1.6402798891067505,1743964468999,-1.14017915725708,-0.43829548358917236,-0.26939135789871216,1743964468955,-36.01875305175781,-19.462501525878906,-29.36250114440918,995.4786987304688,62.27858152499505,62.470274378552645,74.68242860143869,27.52972562144736,-13.651951620592701,-146.46217849663563,30.490019623736682,1.2508729532964744,213.53782150336437,0.48771919607422
1743964469277,1743964468926,5.9886369705200195,3.1214370727539062,1.6402798891067505,1743964468999,-1.14017915725708,-0.43829548358917236,-0.26939135789871216,1743964468955,-36.01875305175781,-19.462501525878906,-29.36250114440918,995.469970703125,62.27858152499505,62.470274378552645,74.68242860143869,27.52972562144736,-13.651951620592701,-146.46217849663563,30.490019623736682,1.2508729532964744,213.53782150336437,0.5616807285493453
1743964469296,1743964468926,5.9886369705200195,3.1214370727539062,1.6402798891067505,1743964468999,-1.14017915725708,-0.43829548358917236,-0.26939135789871216,1743964469054,-34.78125,-20.73750114440918,-30.843751907348633,995.469970703125,62.27858152499505,62.470274378552645,74.68242860143869,27.52972562144736,-13.651951620592701,-146.08546453543752,30.490019623736682,1.2508729532964744,213.91453546456248,0.5616807285493453
1743964469323,1743964469078,8.022536277770996,3.5306098461151123,-1.0444670915603638,1743964468999,-1.14017915725708,-0.43829548358917236,-0.26939135789871216,1743964469054,-34.78125,-20.73750114440918,-30.843751907348633,995.469970703125,106.47989885048725,66.24635381545649,97.41770910093216,23.753646184543513,6.79546799246755,-146.08546453543752,24.652286324094455,1.2508729532964744,213.91453546456248,0.5616807285493453
1743964469344,1743964469078,8.022536277770996,3.5306098461151123,-1.0444670915603638,1743964469102,-0.9292780160903931,-0.2822195291519165,-0.5607738494873047,1743964469054,-34.78125,-20.73750114440918,-30.843751907348633,995.469970703125,106.47989885048725,66.24635381545649,97.41770910093216,23.753646184543513,6.79546799246755,-146.08546453543752,24.652286324094455,1.1214601214900317,213.91453546456248,0.5616807285493453
1743964469426,1743964469078,8.022536277770996,3.5306098461151123,-1.0444670915603638,1743964469102,-0.9292780160903931,-0.2822195291519165,-0.5607738494873047,1743964469054,-34.78125,-20.73750114440918,-30.843751907348633,995.4674682617188,106.47989885048725,66.24635381545649,97.41770910093216,23.753646184543513,6.79546799246755,-146.08546453543752,24.652286324094455,1.1214601214900317,213.91453546456248,0.5828865794692062
1743964469481,1743964469078,8.022536277770996,3.5306098461151123,-1.0444670915603638,1743964469207,-0.6308705806732178,-0.05940660089254379,-0.7405208349227905,1743964469054,-34.78125,-20.73750114440918,-30.843751907348633,995.4674682617188,106.47989885048725,66.24635381545649,97.41770910093216,23.753646184543513,6.79546799246755,-146.08546453543752,24.652286324094455,0.9746270777806841,213.91453546456248,0.5828865794692062
1743964469491,1743964469208,8.526823043823242,2.9001009464263916,-2.4675984382629395,1743964469207,-0.6308705806732178,-0.05940660089254379,-0.7405208349227905,1743964469054,-34.78125,-20.73750114440918,-30.843751907348633,995.4674682617188,130.39334329299214,71.21605755939427,106.14004557570372,18.78394244060573,15.321867020887709,-146.08546453543752,24.06418576748539,0.9746270777806841,213.91453546456248,0.5828865794692062
1743964469508,1743964469208,8.526823043823242,2.9001009464263916,-2.4675984382629395,1743964469207,-0.6308705806732178,-0.05940660089254379,-0.7405208349227905,1743964469254,-36.73125076293945,-17.212501525878906,-29.700000762939453,995.4674682617188,130.39334329299214,71.21605755939427,106.14004557570372,18.78394244060573,15.321867020887709,-149.90575695854025,24.06418576748539,0.9746270777806841,210.09424304145975,0.5828865794692062
1743964469558,1743964469208,8.526823043823242,2.9001009464263916,-2.4675984382629395,1743964469310,-0.17119485139846802,0.30115634202957153,-0.8698714375495911,1743964469254,-36.73125076293945,-17.212501525878906,-29.700000762939453,995.4674682617188,130.39334329299214,71.21605755939427,106.14004557570372,18.78394244060573,15.321867020887709,-149.90575695854025,24.06418576748539,0.9363114531792122,210.09424304145975,0.5828865794692062
1743964469593,1743964469208,8.526823043823242,2.9001009464263916,-2.4675984382629395,1743964469310,-0.17119485139846802,0.30115634202957153,-0.8698714375495911,1743964469254,-36.73125076293945,-17.212501525878906,-29.700000762939453,995.469970703125,130.39334329299214,71.21605755939427,106.14004557570372,18.78394244060573,15.321867020887709,-149.90575695854025,24.06418576748539,0.9363114531792122,210.09424304145975,0.5616807285493453
1743964469626,1743964469360,8.760722160339355,1.8221344947814941,-2.1056840419769287,1743964469310,-0.17119485139846802,0.30115634202957153,-0.8698714375495911,1743964469254,-36.73125076293945,-17.212501525878906,-29.700000762939453,995.469970703125,139.12902435723908,78.250616450671,103.51496808117133,11.749383549329007,13.241874882701003,-149.90575695854025,17.632972800380397,0.9363114531792122,210.09424304145975,0.5616807285493453
1743964469626,1743964469360,8.760722160339355,1.8221344947814941,-2.1056840419769287,1743964469310,-0.17119485139846802,0.30115634202957153,-0.8698714375495911,1743964469354,-38.118751525878906,-12.731250762939453,-27.262500762939453,995.469970703125,139.12902435723908,78.250616450671,103.51496808117133,11.749383549329007,13.241874882701003,-154.96800698175923,17.632972800380397,0.9363114531792122,205.03199301824077,0.5616807285493453
1743964469654,1743964469360,8.760722160339355,1.8221344947814941,-2.1056840419769287,1743964469415,0.3770562708377838,0.5870410799980164,-0.685390293598175,1743964469354,-38.118751525878906,-12.731250762939453,-27.262500762939453,995.469970703125,139.12902435723908,78.250616450671,103.51496808117133,11.749383549329007,13.241874882701003,-154.96800698175923,17.632972800380397,0.9780329828497228,205.03199301824077,0.5616807285493453
1743964469727,1743964469468,10.986644744873047,2.241476535797119,-2.595614433288574,1743964469415,0.3770562708377838,0.5870410799980164,-0.685390293598175,1743964469354,-38.118751525878906,-12.731250762939453,-27.262500762939453,995.469970703125,139.18732450132754,78.46886323268595,103.29250066372522,11.531136767314056,13.033456852129802,-154.96800698175923,17.33581600362184,0.9780329828497228,205.03199301824077,0.5616807285493453
1743964469747,1743964469468,10.986644744873047,2.241476535797119,-2.595614433288574,1743964469415,0.3770562708377838,0.5870410799980164,-0.685390293598175,1743964469354,-38.118751525878906,-12.731250762939453,-27.262500762939453,995.481201171875,139.18732450132754,78.46886323268595,103.29250066372522,11.531136767314056,13.033456852129802,-154.96800698175923,17.33581600362184,0.9780329828497228,205.03199301824077,0.4665135388594266
1743964469758,1743964469468,10.986644744873047,2.241476535797119,-2.595614433288574,1743964469519,0.949436604976654,0.5393936038017273,-0.10613775253295898,1743964469354,-38.118751525878906,-12.731250762939453,-27.262500762939453,995.481201171875,139.18732450132754,78.46886323268595,103.29250066372522,11.531136767314056,13.033456852129802,-154.96800698175923,17.33581600362184,1.0971055323917374,205.03199301824077,0.4665135388594266
1743964469801,1743964469468,10.986644744873047,2.241476535797119,-2.595614433288574,1743964469519,0.949436604976654,0.5393936038017273,-0.10613775253295898,1743964469555,-41.118751525878906,-4.200000286102295,-22.61250114440918,995.481201171875,139.18732450132754,78.46886323268595,103.29250066372522,11.531136767314056,13.033456852129802,-169.47790336887772,17.33581600362184,1.0971055323917374,190.52209663112228,0.4665135388594266
1743964469864,1743964469620,11.505887985229492,0.5533402562141418,-1.2795618772506714,1743964469519,0.949436604976654,0.5393936038017273,-0.10613775253295898,1743964469555,-41.118751525878906,-4.200000286102295,-22.61250114440918,995.481201171875,156.6141677809182,87.24665726333079,96.34574951975146,2.753342736669211,6.338483552759885,-169.47790336887772,6.908423401104734,1.0971055323917374,190.52209663112228,0.4665135388594266
1743964469879,1743964469620,11.505887985229492,0.5533402562141418,-1.2795618772506714,1743964469622,1.395825982093811,0.5016726851463318,-0.05528326332569122,1743964469555,-41.118751525878906,-4.200000286102295,-22.61250114440918,995.481201171875,156.6141677809182,87.24665726333079,96.34574951975146,2.753342736669211,6.338483552759885,-169.47790336887772,6.908423401104734,1.4842715029650135,190.52209663112228,0.4665135388594266
1743964469919,1743964469620,11.505887985229492,0.5533402562141418,-1.2795618772506714,1743964469622,1.395825982093811,0.5016726851463318,-0.05528326332569122,1743964469555,-41.118751525878906,-4.200000286102295,-22.61250114440918,995.4874877929688,156.6141677809182,87.24665726333079,96.34574951975146,2.753342736669211,6.338483552759885,-169.47790336887772,6.908423401104734,1.4842715029650135,190.52209663112228,0.4132409806728421
1743964469960,1743964469728,13.420145988464355,1.526620864868164,-0.27397820353507996,1743964469622,1.395825982093811,0.5016726851463318,-0.05528326332569122,1743964469555,-41.118751525878906,-4.200000286102295,-22.61250114440918,995.4874877929688,100.17439569818544,83.51016444649213,91.16955615862452,6.489835553507876,1.162063614021235,-169.47790336887772,6.592615348670002,1.4842715029650135,190.52209663112228,0.4132409806728421
1743964469983,1743964469728,13.420145988464355,1.526620864868164,-0.27397820353507996,1743964469726,1.3234385251998901,0.34208428859710693,0.41386088728904724,1743964469555,-41.118751525878906,-4.200000286102295,-22.61250114440918,995.4874877929688,100.17439569818544,83.51016444649213,91.16955615862452,6.489835553507876,1.162063614021235,-169.47790336887772,6.592615348670002,1.4282128778707768,190.52209663112228,0.4132409806728421
1743964469999,1743964469728,13.420145988464355,1.526620864868164,-0.27397820353507996,1743964469726,1.3234385251998901,0.34208428859710693,0.41386088728904724,1743964469754,-46.51875305175781,-2.1750001907348633,-16.012500762939453,995.4874877929688,100.17439569818544,83.51016444649213,91.16955615862452,6.489835553507876,1.162063614021235,-172.26477502917254,6.592615348670002,1.4282128778707768,187.73522497082746,0.4132409806728421
1743964470061,1743964469793,12.520444869995117,1.2813565731048584,-0.04007977992296219,1743964469726,1.3234385251998901,0.34208428859710693,0.41386088728904724,1743964469754,-46.51875305175781,-2.1750001907348633,-16.012500762939453,995.4874877929688,91.79158073372253,84.15662865766805,90.18341156510706,5.843371342331944,0.1824585516743089,-172.26477502917254,5.846209392862396,1.4282128778707768,187.73522497082746,0.4132409806728421
1743964470080,1743964469793,12.520444869995117,1.2813565731048584,-0.04007977992296219,1743964469726,1.3234385251998901,0.34208428859710693,0.41386088728904724,1743964469754,-46.51875305175781,-2.1750001907348633,-16.012500762939453,995.4862060546875,91.79158073372253,84.15662865766805,90.18341156510706,5.843371342331944,0.1824585516743089,-172.26477502917254,5.846209392862396,1.4282128778707768,187.73522497082746,0.4241023539225486
1743964470103,1743964469793,12.520444869995117,1.2813565731048584,-0.04007977992296219,1743964469831,1.0010546445846558,-0.30344706773757935,0.8784235715866089,1743964469754,-46.51875305175781,-2.1750001907348633,-16.012500762939453,995.4862060546875,91.79158073372253,84.15662865766805,90.18341156510706,5.843371342331944,0.1824585516743089,-172.26477502917254,5.846209392862396,1.3659496679900107,187.73522497082746,0.4241023539225486
1743964470118,1743964469793,12.520444869995117,1.2813565731048584,-0.04007977992296219,1743964469831,1.0010546445846558,-0.30344706773757935,0.8784235715866089,1743964469855,-44.10000228881836,-8.30625057220459,-15.52500057220459,995.4862060546875,91.79158073372253,84.15662865766805,90.18341156510706,5.843371342331944,0.1824585516743089,-151.8521420504585,5.846209392862396,1.3659496679900107,208.1478579495415,0.4241023539225486
1743964470199,1743964469793,12.520444869995117,1.2813565731048584,-0.04007977992296219,1743964469934,0.3851502537727356,-0.5984947681427002,1.2370011806488037,1743964469855,-44.10000228881836,-8.30625057220459,-15.52500057220459,995.4862060546875,91.79158073372253,84.15662865766805,90.18341156510706,5.843371342331944,0.1824585516743089,-151.8521420504585,5.846209392862396,1.427133009358946,208.1478579495415,0.4241023539225486
1743964470226,1743964469944,8.070392608642578,1.781456470489502,2.9030921459198,1743964469934,0.3851502537727356,-0.5984947681427002,1.2370011806488037,1743964469855,-44.10000228881836,-8.30625057220459,-15.52500057220459,995.4862060546875,31.534986359382643,77.5521597486881,70.21526101510244,12.447840251311908,-19.35460060210848,-151.8521420504585,22.882133395108976,1.427133009358946,208.1478579495415,0.4241023539225486
1743964470238,1743964469944,8.070392608642578,1.781456470489502,2.9030921459198,1743964469934,0.3851502537727356,-0.5984947681427002,1.2370011806488037,1743964469855,-44.10000228881836,-8.30625057220459,-15.52500057220459,995.481201171875,31.534986359382643,77.5521597486881,70.21526101510244,12.447840251311908,-19.35460060210848,-151.8521420504585,22.882133395108976,1.427133009358946,208.1478579495415,0.4665135388594266
1743964470281,1743964469944,8.070392608642578,1.781456470489502,2.9030921459198,1743964470039,-0.448069304227829,-1.0968077182769775,0.6131555438041687,1743964469855,-44.10000228881836,-8.30625057220459,-15.52500057220459,995.481201171875,31.534986359382643,77.5521597486881,70.21526101510244,12.447840251311908,-19.35460060210848,-151.8521420504585,22.882133395108976,1.3340588417161166,208.1478579495415,0.4665135388594266
1743964470297,1743964469944,8.070392608642578,1.781456470489502,2.9030921459198,1743964470039,-0.448069304227829,-1.0968077182769775,0.6131555438041687,1743964470054,-36.82500076293945,-19.575000762939453,-25.106250762939453,995.481201171875,31.534986359382643,77.5521597486881,70.21526101510244,12.447840251311908,-19.35460060210848,-142.05694429315614,22.882133395108976,1.3340588417161166,217.94305570684386,0.4665135388594266
1743964470330,1743964470096,5.203192710876465,2.131406784057617,3.078366279602051,1743964470039,-0.448069304227829,-1.0968077182769775,0.6131555438041687,1743964470054,-36.82500076293945,-19.575000762939453,-25.106250762939453,995.481201171875,34.69804890805892,67.72430540537404,59.39015649570042,22.275694594625957,-28.699702310193718,-142.05694429315614,35.73885783647007,1.3340588417161166,217.94305570684386,0.4665135388594266
1743964470385,1743964470096,5.203192710876465,2.131406784057617,3.078366279602051,1743964470142,-1.349400281906128,-0.9424116611480713,-0.1539379209280014,1743964470054,-36.82500076293945,-19.575000762939453,-25.106250762939453,995.481201171875,34.69804890805892,67.72430540537404,59.39015649570042,22.275694594625957,-28.699702310193718,-142.05694429315614,35.73885783647007,1.653093386162996,217.94305570684386,0.4665135388594266
1743964470400,1743964470096,5.203192710876465,2.131406784057617,3.078366279602051,1743964470142,-1.349400281906128,-0.9424116611480713,-0.1539379209280014,1743964470054,-36.82500076293945,-19.575000762939453,-25.106250762939453,995.4674682617188,34.69804890805892,67.72430540537404,59.39015649570042,22.275694594625957,-28.699702310193718,-142.05694429315614,35.73885783647007,1.653093386162996,217.94305570684386,0.5828865794692062
1743964470437,1743964470096,5.203192710876465,2.131406784057617,3.078366279602051,1743964470142,-1.349400281906128,-0.9424116611480713,-0.1539379209280014,1743964470155,-33.95625305175781,-21.86250114440918,-29.343751907348633,995.4674682617188,34.69804890805892,67.72430540537404,59.39015649570042,22.275694594625957,-28.699702310193718,-143.31212393431582,35.73885783647007,1.653093386162996,216.68787606568418,0.5828865794692062
1743964470521,1743964470205,6.514459609985352,3.174079179763794,0.04307080805301666,1743964470142,-1.349400281906128,-0.9424116611480713,-0.1539379209280014,1743964470155,-33.95625305175781,-21.86250114440918,-29.343751907348633,995.4674682617188,89.22257009585616,64.02298968963356,89.62119044210938,25.977010310366435,-0.3405393303871346,-143.31212393431582,25.979087256022996,1.653093386162996,216.68787606568418,0.5828865794692062
1743964470521,1743964470205,6.514459609985352,3.174079179763794,0.04307080805301666,1743964470247,-1.4227041006088257,-0.8700241446495056,-0.5403099060058594,1743964470155,-33.95625305175781,-21.86250114440918,-29.343751907348633,995.4674682617188,89.22257009585616,64.02298968963356,89.62119044210938,25.977010310366435,-0.3405393303871346,-143.31212393431582,25.979087256022996,1.752987097696481,216.68787606568418,0.5828865794692062
1743964470527,1743964470205,6.514459609985352,3.174079179763794,0.04307080805301666,1743964470247,-1.4227041006088257,-0.8700241446495056,-0.5403099060058594,1743964470254,-32.53125,-23.45625114440918,-31.575000762939453,995.4674682617188,89.22257009585616,64.02298968963356,89.62119044210938,25.977010310366435,-0.3405393303871346,-143.392298095807,25.979087256022996,1.752987097696481,216.607701904193,0.5828865794692062
1743964470552,1743964470205,6.514459609985352,3.174079179763794,0.04307080805301666,1743964470247,-1.4227041006088257,-0.8700241446495056,-0.5403099060058594,1743964470254,-32.53125,-23.45625114440918,-31.575000762939453,995.458740234375,89.22257009585616,64.02298968963356,89.62119044210938,25.977010310366435,-0.3405393303871346,-143.392298095807,25.979087256022996,1.752987097696481,216.607701904193,0.6568487875693774
1743964470602,1743964470205,6.514459609985352,3.174079179763794,0.04307080805301666,1743964470351,-1.1204787492752075,-0.9708168506622314,-0.836732029914856,1743964470254,-32.53125,-23.45625114440918,-31.575000762939453,995.458740234375,89.22257009585616,64.02298968963356,89.62119044210938,25.977010310366435,-0.3405393303871346,-143.392298095807,25.979087256022996,1.7023743639377626,216.607701904193,0.6568487875693774
1743964470626,1743964470335,7.468597888946533,3.0903303623199463,-0.7645068168640137,1743964470351,-1.1204787492752075,-0.9708168506622314,-0.836732029914856,1743964470254,-32.53125,-23.45625114440918,-31.575000762939453,995.458740234375,103.89523695566949,67.52137739586416,95.8446013377686,22.478622604135847,5.403276748295736,-143.392298095807,23.08613214211719,1.7023743639377626,216.607701904193,0.6568487875693774
1743964470707,1743964470335,7.468597888946533,3.0903303623199463,-0.7645068168640137,1743964470454,-0.7838922142982483,-0.11316270381212234,-0.966235339641571,1743964470254,-32.53125,-23.45625114440918,-31.575000762939453,995.458740234375,103.89523695566949,67.52137739586416,95.8446013377686,22.478622604135847,5.403276748295736,-143.392298095807,23.08613214211719,1.2493612498968194,216.607701904193,0.6568487875693774
1743964470720,1743964470335,7.468597888946533,3.0903303623199463,-0.7645068168640137,1743964470454,-0.7838922142982483,-0.11316270381212234,-0.966235339641571,1743964470455,-32.4375,-21.09375,-35.400001525878906,995.458740234375,103.89523695566949,67.52137739586416,95.8446013377686,22.478622604135847,5.403276748295736,-149.21061275545227,23.08613214211719,1.2493612498968194,210.78938724454773,0.6568487875693774
1743964470727,1743964470335,7.468597888946533,3.0903303623199463,-0.7645068168640137,1743964470454,-0.7838922142982483,-0.11316270381212234,-0.966235339641571,1743964470455,-32.4375,-21.09375,-35.400001525878906,995.4612426757812,103.89523695566949,67.52137739586416,95.8446013377686,22.478622604135847,5.403276748295736,-149.21061275545227,23.08613214211719,1.2493612498968194,210.78938724454773,0.635642786102123
1743964470754,1743964470465,9.632308006286621,3.0616166591644287,-2.750549554824829,1743964470454,-0.7838922142982483,-0.11316270381212234,-0.966235339641571,1743964470455,-32.4375,-21.09375,-35.400001525878906,995.4612426757812,131.93645302365582,72.36720862681672,105.93693506384,17.632791373183274,15.223714701487793,-149.21061275545227,23.136107145620908,1.2493612498968194,210.78938724454773,0.635642786102123
1743964470801,1743964470465,9.632308006286621,3.0616166591644287,-2.750549554824829,1743964470559,-0.03543015569448471,0.734106719493866,-1.0725258588790894,1743964470455,-32.4375,-21.09375,-35.400001525878906,995.4612426757812,131.93645302365582,72.36720862681672,105.93693506384,17.632791373183274,15.223714701487793,-149.21061275545227,23.136107145620908,1.3001844828726843,210.78938724454773,0.635642786102123
1743964470865,1743964470616,9.611370086669922,1.6396816968917847,-2.079961061477661,1743964470559,-0.03543015569448471,0.734106719493866,-1.0725258588790894,1743964470455,-32.4375,-21.09375,-35.400001525878906,995.4612426757812,141.7504653270883,80.3186506338058,102.2108730399486,9.681349366194194,12.042080137781443,-149.21061275545227,15.406279041032892,1.3001844828726843,210.78938724454773,0.635642786102123
1743964470881,1743964470616,9.611370086669922,1.6396816968917847,-2.079961061477661,1743964470559,-0.03543015569448471,0.734106719493866,-1.0725258588790894,1743964470455,-32.4375,-21.09375,-35.400001525878906,995.46875,141.7504653270883,80.3186506338058,102.2108730399486,9.681349366194194,12.042080137781443,-149.21061275545227,15.406279041032892,1.3001844828726843,210.78938724454773,0.5720250406808558
1743964470918,1743964470616,9.611370086669922,1.6396816968917847,-2.079961061477661,1743964470559,-0.03543015569448471,0.734106719493866,-1.0725258588790894,1743964470655,-40.38750076293945,-9.581250190734863,-27.543750762939453,995.46875,141.7504653270883,80.3186506338058,102.2108730399486,9.681349366194194,12.042080137781443,-160.81947935287243,15.406279041032892,1.3001844828726843,199.18052064712757,0.5720250406808558
1743964470929,1743964470616,9.611370086669922,1.6396816968917847,-2.079961061477661,1743964470662,0.5616901516914368,0.7118101716041565,-1.1797325611114502,1743964470655,-40.38750076293945,-9.581250190734863,-27.543750762939453,995.46875,141.7504653270883,80.3186506338058,102.2108730399486,9.681349366194194,12.042080137781443,-160.81947935287243,15.406279041032892,1.4879309334283193,199.18052064712757,0.5720250406808558
1743964471002,1743964470616,9.611370086669922,1.6396816968917847,-2.079961061477661,1743964470662,0.5616901516914368,0.7118101716041565,-1.1797325611114502,1743964470755,-40.70625305175781,-2.2687501907348633,-20.381250381469727,995.46875,141.7504653270883,80.3186506338058,102.2108730399486,9.681349366194194,12.042080137781443,-173.64823761241686,15.406279041032892,1.4879309334283193,186.35176238758314,0.5720250406808558
1743964471021,1743964470746,13.76351547241211,0.5102694034576416,-1.5343974828720093,1743964470662,0.5616901516914368,0.7118101716041565,-1.1797325611114502,1743964470755,-40.70625305175781,-2.2687501907348633,-20.381250381469727,995.46875,161.60526857536792,87.87678523167301,96.36123659266836,2.1232147683269886,6.3569051422696266,-173.64823761241686,6.7007290322165325,1.4879309334283193,186.35176238758314,0.5720250406808558
1743964471026,1743964470746,13.76351547241211,0.5102694034576416,-1.5343974828720093,1743964470767,0.8691078424453735,0.7567087411880493,-0.364991694688797,1743964470755,-40.70625305175781,-2.2687501907348633,-20.381250381469727,995.46875,161.60526857536792,87.87678523167301,96.36123659266836,2.1232147683269886,6.3569051422696266,-173.64823761241686,6.7007290322165325,1.2087909240155035,186.35176238758314,0.5720250406808558
1743964471040,1743964470746,13.76351547241211,0.5102694034576416,-1.5343974828720093,1743964470767,0.8691078424453735,0.7567087411880493,-0.364991694688797,1743964470755,-40.70625305175781,-2.2687501907348633,-20.381250381469727,995.4749755859375,161.60526857536792,87.87678523167301,96.36123659266836,2.1232147683269886,6.3569051422696266,-173.64823761241686,6.7007290322165325,1.2087909240155035,186.35176238758314,0.5192691561974105
1743964471116,1743964470746,13.76351547241211,0.5102694034576416,-1.5343974828720093,1743964470870,1.0905463695526123,0.4321868419647217,0.2536616027355194,1743964470755,-40.70625305175781,-2.2687501907348633,-20.381250381469727,995.4749755859375,161.60526857536792,87.87678523167301,96.36123659266836,2.1232147683269886,6.3569051422696266,-173.64823761241686,6.7007290322165325,1.2001754285162543,186.35176238758314,0.5192691561974105
1743964471143,1743964470899,10.962119102478027,0.49172505736351013,-1.8436698913574219,1743964470870,1.0905463695526123,0.4321868419647217,0.2536616027355194,1743964470755,-40.70625305175781,-2.2687501907348633,-20.381250381469727,995.4749755859375,165.0662689073811,87.43161914476738,99.54697415039118,2.568380855232625,9.537560023280701,-173.64823761241686,9.874238251257134,1.2001754285162543,186.35176238758314,0.5192691561974105
1743964471184,1743964470899,10.962119102478027,0.49172505736351013,-1.8436698913574219,1743964470870,1.0905463695526123,0.4321868419647217,0.2536616027355194,1743964470755,-40.70625305175781,-2.2687501907348633,-20.381250381469727,995.4824829101562,165.0662689073811,87.43161914476738,99.54697415039118,2.568380855232625,9.537560023280701,-173.64823761241686,9.874238251257134,1.2001754285162543,186.35176238758314,0.455652121393898
1743964471204,1743964470899,10.962119102478027,0.49172505736351013,-1.8436698913574219,1743964470870,1.0905463695526123,0.4321868419647217,0.2536616027355194,1743964470954,-42.76875305175781,-0.35625001788139343,-19.80000114440918,995.4824829101562,165.0662689073811,87.43161914476738,99.54697415039118,2.568380855232625,9.537560023280701,-178.9692212563548,9.874238251257134,1.2001754285162543,181.0307787436452,0.455652121393898
1743964471217,1743964470899,10.962119102478027,0.49172505736351013,-1.8436698913574219,1743964470975,1.2516618967056274,0.4410443603992462,0.6737838387489319,1743964470954,-42.76875305175781,-0.35625001788139343,-19.80000114440918,995.4824829101562,165.0662689073811,87.43161914476738,99.54697415039118,2.568380855232625,9.537560023280701,-178.9692212563548,9.874238251257134,1.4883421289689933,181.0307787436452,0.455652121393898
1743964471241,1743964471007,10.761719703674316,1.1198409795761108,-0.8147560954093933,1743964470975,1.2516618967056274,0.4410443603992462,0.6737838387489319,1743964470954,-42.76875305175781,-0.35625001788139343,-19.80000114440918,995.4824829101562,126.03829096197241,84.05930711750237,94.3295310971889,5.940692882497637,4.306367314110925,-178.9692212563548,7.332810059637148,1.4883421289689933,181.0307787436452,0.455652121393898
1743964471299,1743964471007,10.761719703674316,1.1198409795761108,-0.8147560954093933,1743964470975,1.2516618967056274,0.4410443603992462,0.6737838387489319,1743964471054,-46.875,-3.6187500953674316,-17.568750381469727,995.4824829101562,126.03829096197241,84.05930711750237,94.3295310971889,5.940692882497637,4.306367314110925,-168.36119002217325,7.332810059637148,1.4883421289689933,191.63880997782675,0.455652121393898
1743964471324,1743964471007,10.761719703674316,1.1198409795761108,-0.8147560954093933,1743964471079,0.8765909671783447,0.030695954337716103,0.7965676784515381,1743964471054,-46.875,-3.6187500953674316,-17.568750381469727,995.4824829101562,126.03829096197241,84.05930711750237,94.3295310971889,5.940692882497637,4.306367314110925,-168.36119002217325,7.332810059637148,1.1848519028575015,191.63880997782675,0.455652121393898
1743964471361,1743964471007,10.761719703674316,1.1198409795761108,-0.8147560954093933,1743964471079,0.8765909671783447,0.030695954337716103,0.7965676784515381,1743964471054,-46.875,-3.6187500953674316,-17.568750381469727,995.4824829101562,126.03829096197241,84.05930711750237,94.3295310971889,5.940692882497637,4.306367314110925,-168.36119002217325,7.332810059637148,1.1848519028575015,191.63880997782675,0.455652121393898
1743964471398,1743964471007,10.761719703674316,1.1198409795761108,-0.8147560954093933,1743964471079,0.8765909671783447,0.030695954337716103,0.7965676784515381,1743964471155,-44.04375076293945,-10.27500057220459,-17.475000381469727,995.4824829101562,126.03829096197241,84.05930711750237,94.3295310971889,5.940692882497637,4.306367314110925,-149.5452018935321,7.332810059637148,1.1848519028575015,210.4547981064679,0.455652121393898
1743964471407,1743964471136,12.072388648986816,3.31465744972229,0.8901300430297852,1743964471079,0.8765909671783447,0.030695954337716103,0.7965676784515381,1743964471155,-44.04375076293945,-10.27500057220459,-17.475000381469727,995.4824829101562,74.9682290896218,74.64691356646719,85.78305715008634,15.353086433532805,-4.06696505472995,-149.5452018935321,15.87008338070017,1.1848519028575015,210.4547981064679,0.455652121393898
1743964471439,1743964471136,12.072388648986816,3.31465744972229,0.8901300430297852,1743964471183,0.568562388420105,-0.24862197041511536,1.2366957664489746,1743964471155,-44.04375076293945,-10.27500057220459,-17.475000381469727,995.4824829101562,74.9682290896218,74.64691356646719,85.78305715008634,15.353086433532805,-4.06696505472995,-149.5452018935321,15.87008338070017,1.3836518682283798,210.4547981064679,0.455652121393898
1743964471496,1743964471136,12.072388648986816,3.31465744972229,0.8901300430297852,1743964471183,0.568562388420105,-0.24862197041511536,1.2366957664489746,1743964471255,-38.64375305175781,-18.075000762939453,-20.4375,995.4824829101562,74.9682290896218,74.64691356646719,85.78305715008634,15.353086433532805,-4.06696505472995,-138.5103362467294,15.87008338070017,1.3836518682283798,221.4896637532706,0.455652121393898
1743964471527,1743964471136,12.072388648986816,3.31465744972229,0.8901300430297852,1743964471183,0.568562388420105,-0.24862197041511536,1.2366957664489746,1743964471255,-38.64375305175781,-18.075000762939453,-20.4375,995.4824829101562,74.9682290896218,74.64691356646719,85.78305715008634,15.353086433532805,-4.06696505472995,-138.5103362467294,15.87008338070017,1.3836518682283798,221.4896637532706,0.455652121393898
1743964471538,1743964471266,9.167501449584961,1.4321043491363525,2.8109683990478516,1743964471183,0.568562388420105,-0.24862197041511536,1.2366957664489746,1743964471255,-38.64375305175781,-18.075000762939453,-20.4375,995.4824829101562,26.997482241976485,81.1212794449604,72.95324675375448,8.878720555039598,-16.85413150090048,-138.5103362467294,18.989545610682278,1.3836518682283798,221.4896637532706,0.455652121393898
1743964471637,1743964471266,9.167501449584961,1.4321043491363525,2.8109683990478516,1743964471391,-0.9952514171600342,-1.1546871662139893,0.6126973628997803,1743964471255,-38.64375305175781,-18.075000762939453,-20.4375,995.4824829101562,26.997482241976485,81.1212794449604,72.95324675375448,8.878720555039598,-16.85413150090048,-138.5103362467294,18.989545610682278,1.6429321025784036,221.4896637532706,0.455652121393898
1743964471664,1743964471397,4.370490550994873,3.070589542388916,0.4911268353462219,1743964471391,-0.9952514171600342,-1.1546871662139893,0.6126973628997803,1743964471255,-38.64375305175781,-18.075000762939453,-20.4375,995.4824829101562,80.91277040684759,54.90915062370928,83.58837697499786,35.09084937629072,-5.253493221392202,-138.5103362467294,35.43197484796006,1.6429321025784036,221.4896637532706,0.455652121393898
1743964471682,1743964471397,4.370490550994873,3.070589542388916,0.4911268353462219,1743964471391,-0.9952514171600342,-1.1546871662139893,0.6126973628997803,1743964471255,-38.64375305175781,-18.075000762939453,-20.4375,995.4662475585938,80.91277040684759,54.90915062370928,83.58837697499786,35.09084937629072,-5.253493221392202,-138.5103362467294,35.43197484796006,1.6429321025784036,221.4896637532706,0.5932309126554014
1743964471699,1743964471397,4.370490550994873,3.070589542388916,0.4911268353462219,1743964471391,-0.9952514171600342,-1.1546871662139893,0.6126973628997803,1743964471454,-32.025001525878906,-28.181251525878906,-28.125001907348633,995.4662475585938,80.91277040684759,54.90915062370928,83.58837697499786,35.09084937629072,-5.253493221392202,-134.94276186973266,35.43197484796006,1.6429321025784036,225.05723813026734,0.5932309126554014
1743964471761,1743964471397,4.370490550994873,3.070589542388916,0.4911268353462219,1743964471495,-0.8801034092903137,-0.8084795475006104,-0.5543597936630249,1743964471454,-32.025001525878906,-28.181251525878906,-28.125001907348633,995.4662475585938,80.91277040684759,54.90915062370928,83.58837697499786,35.09084937629072,-5.253493221392202,-134.94276186973266,35.43197484796006,1.3173974231800123,225.05723813026734,0.5932309126554014
1743964471800,1743964471548,6.6969122886657715,4.085744857788086,-1.347757339477539,1743964471495,-0.8801034092903137,-0.8084795475006104,-0.5543597936630249,1743964471454,-32.025001525878906,-28.181251525878906,-28.125001907348633,995.4662475585938,108.25608017316672,58.61289103911898,101.37881177397533,31.38710896088103,9.748315650960343,-134.94276186973266,32.71790473470826,1.3173974231800123,225.05723813026734,0.5932309126554014
1743964471817,1743964471548,6.6969122886657715,4.085744857788086,-1.347757339477539,1743964471495,-0.8801034092903137,-0.8084795475006104,-0.5543597936630249,1743964471555,-31.51875114440918,-28.256250381469727,-30.76875114440918,995.4662475585938,108.25608017316672,58.61289103911898,101.37881177397533,31.38710896088103,9.748315650960343,-137.43742202032158,32.71790473470826,1.3173974231800123,222.56257797967842,0.5932309126554014
1743964471841,1743964471548,6.6969122886657715,4.085744857788086,-1.347757339477539,1743964471495,-0.8801034092903137,-0.8084795475006104,-0.5543597936630249,1743964471555,-31.51875114440918,-28.256250381469727,-30.76875114440918,995.4524536132812,108.25608017316672,58.61289103911898,101.37881177397533,31.38710896088103,9.748315650960343,-137.43742202032158,32.71790473470826,1.3173974231800123,222.56257797967842,0.7101225914471765
1743964471875,1743964471548,6.6969122886657715,4.085744857788086,-1.347757339477539,1743964471599,-0.800385594367981,-0.6052142977714539,-0.8436042666435242,1743964471555,-31.51875114440918,-28.256250381469727,-30.76875114440918,995.4524536132812,108.25608017316672,58.61289103911898,101.37881177397533,31.38710896088103,9.748315650960343,-137.43742202032158,32.71790473470826,1.3109422583004708,222.56257797967842,0.7101225914471765
1743964471904,1743964471548,6.6969122886657715,4.085744857788086,-1.347757339477539,1743964471599,-0.800385594367981,-0.6052142977714539,-0.8436042666435242,1743964471655,-33.993751525878906,-25.387500762939453,-30.562501907348633,995.4524536132812,108.25608017316672,58.61289103911898,101.37881177397533,31.38710896088103,9.748315650960343,-140.28444124141646,32.71790473470826,1.3109422583004708,219.71555875858354,0.7101225914471765
1743964471952,1743964471700,9.80100154876709,3.854238986968994,-2.1708884239196777,1743964471599,-0.800385594367981,-0.6052142977714539,-0.8436042666435242,1743964471655,-33.993751525878906,-25.387500762939453,-30.562501907348633,995.4524536132812,119.39025449884669,68.53279138942275,102.48918247725923,21.46720861057725,11.647286429639296,-140.28444124141646,24.291461186301238,1.3109422583004708,219.71555875858354,0.7101225914471765
1743964471963,1743964471700,9.80100154876709,3.854238986968994,-2.1708884239196777,1743964471702,-0.3552178740501404,-0.18616104125976562,-0.9531017541885376,1743964471655,-33.993751525878906,-25.387500762939453,-30.562501907348633,995.4524536132812,119.39025449884669,68.53279138942275,102.48918247725923,21.46720861057725,11.647286429639296,-140.28444124141646,24.291461186301238,1.0340399533697375,219.71555875858354,0.7101225914471765
1743964471987,1743964471700,9.80100154876709,3.854238986968994,-2.1708884239196777,1743964471702,-0.3552178740501404,-0.18616104125976562,-0.9531017541885376,1743964471655,-33.993751525878906,-25.387500762939453,-30.562501907348633,995.449951171875,119.39025449884669,68.53279138942275,102.48918247725923,21.46720861057725,11.647286429639296,-140.28444124141646,24.291461186301238,1.0340399533697375,219.71555875858354,0.7313287445199723
1743964472040,1743964471808,9.345169067382812,3.4821550846099854,-1.6205391883850098,1743964471702,-0.3552178740501404,-0.18616104125976562,-0.9531017541885376,1743964471655,-33.993751525878906,-25.387500762939453,-30.562501907348633,995.449951171875,114.95651406192859,69.56382529099531,99.83778929735605,20.43617470900468,9.229619084845574,-140.28444124141646,22.342192086996082,1.0340399533697375,219.71555875858354,0.7313287445199723
1743964472075,1743964471808,9.345169067382812,3.4821550846099854,-1.6205391883850098,1743964471806,-0.13301581144332886,0.051618073135614395,-0.6386591196060181,1743964471655,-33.993751525878906,-25.387500762939453,-30.562501907348633,995.449951171875,114.95651406192859,69.56382529099531,99.83778929735605,20.43617470900468,9.229619084845574,-140.28444124141646,22.342192086996082,0.6544028595781768,219.71555875858354,0.7313287445199723
1743964472111,1743964471808,9.345169067382812,3.4821550846099854,-1.6205391883850098,1743964471806,-0.13301581144332886,0.051618073135614395,-0.6386591196060181,1743964471854,-37.70625305175781,-19.80000114440918,-30.20625114440918,995.449951171875,114.95651406192859,69.56382529099531,99.83778929735605,20.43617470900468,9.229619084845574,-146.75541931533516,22.342192086996082,0.6544028595781768,213.24458068466484,0.7313287445199723
1743964472146,1743964471808,9.345169067382812,3.4821550846099854,-1.6205391883850098,1743964471806,-0.13301581144332886,0.051618073135614395,-0.6386591196060181,1743964471854,-37.70625305175781,-19.80000114440918,-30.20625114440918,995.4612426757812,114.95651406192859,69.56382529099531,99.83778929735605,20.43617470900468,9.229619084845574,-146.75541931533516,22.342192086996082,0.6544028595781768,213.24458068466484,0.635642786102123
1743964472191,1743964471808,9.345169067382812,3.4821550846099854,-1.6205391883850098,1743964471911,0.16310089826583862,0.06414080411195755,-0.35017824172973633,1743964471854,-37.70625305175781,-19.80000114440918,-30.20625114440918,995.4612426757812,114.95651406192859,69.56382529099531,99.83778929735605,20.43617470900468,9.229619084845574,-146.75541931533516,22.342192086996082,0.391587470111317,213.24458068466484,0.635642786102123
1743964472195,1743964471938,9.962516784667969,2.7840490341186523,-0.3074777126312256,1743964471911,0.16310089826583862,0.06414080411195755,-0.35017824172973633,1743964471854,-37.70625305175781,-19.80000114440918,-30.20625114440918,995.4612426757812,96.30235522627454,74.38685288330905,91.76778469127937,15.613147116690948,1.7025940402338173,-146.75541931533516,15.703409662376437,0.391587470111317,213.24458068466484,0.635642786102123
1743964472199,1743964471938,9.962516784667969,2.7840490341186523,-0.3074777126312256,1743964471911,0.16310089826583862,0.06414080411195755,-0.35017824172973633,1743964471954,-39.60000228881836,-18.375,-29.212501525878906,995.4612426757812,96.30235522627454,74.38685288330905,91.76778469127937,15.613147116690948,1.7025940402338173,-147.82963420513747,15.703409662376437,0.391587470111317,212.17036579486253,0.635642786102123
1743964472266,1743964471938,9.962516784667969,2.7840490341186523,-0.3074777126312256,1743964472015,0.05070177838206291,0.16416990756988525,-0.21838416159152985,1743964471954,-39.60000228881836,-18.375,-29.212501525878906,995.4612426757812,96.30235522627454,74.38685288330905,91.76778469127937,15.613147116690948,1.7025940402338173,-147.82963420513747,15.703409662376437,0.2778741998038751,212.17036579486253,0.635642786102123
1743964472314,1743964471938,9.962516784667969,2.7840490341186523,-0.3074777126312256,1743964472015,0.05070177838206291,0.16416990756988525,-0.21838416159152985,1743964471954,-39.60000228881836,-18.375,-29.212501525878906,995.4662475585938,96.30235522627454,74.38685288330905,91.76778469127937,15.613147116690948,1.7025940402338173,-147.82963420513747,15.703409662376437,0.2778741998038751,212.17036579486253,0.5932309126554014
1743964472330,1743964472068,10.378868103027344,2.579462766647339,-0.537188708782196,1743964472015,0.05070177838206291,0.16416990756988525,-0.21838416159152985,1743964471954,-39.60000228881836,-18.375,-29.212501525878906,995.4662475585938,101.76404466529777,76.04304038680023,92.96286699765268,13.956959613199775,2.8755438550878063,-147.82963420513747,14.244340790662035,0.2778741998038751,212.17036579486253,0.5932309126554014
1743964472371,1743964472068,10.378868103027344,2.579462766647339,-0.537188708782196,1743964472119,0.08628465235233307,-0.03802633285522461,-0.05711585655808449,1743964471954,-39.60000228881836,-18.375,-29.212501525878906,995.4662475585938,101.76404466529777,76.04304038680023,92.96286699765268,13.956959613199775,2.8755438550878063,-147.82963420513747,14.244340790662035,0.11024184456159555,212.17036579486253,0.5932309126554014
1743964472396,1743964472068,10.378868103027344,2.579462766647339,-0.537188708782196,1743964472119,0.08628465235233307,-0.03802633285522461,-0.05711585655808449,1743964472155,-40.63125228881836,-16.462501525878906,-27.975000381469727,995.4662475585938,101.76404466529777,76.04304038680023,92.96286699765268,13.956959613199775,2.8755438550878063,-149.52438472347518,14.244340790662035,0.11024184456159555,210.47561527652482,0.5932309126554014
